-- Demo seed (run once in Supabase SQL Editor after 001_init.sql)

insert into projects (id, name, slug, description, created_at) values
  ('a1000001-0001-4001-8001-000000000001', 'AI 宠物', 'ai-pet', '宠物 App 优化需求管理', '2026-06-22T00:00:00Z'),
  ('a1000001-0001-4001-8001-000000000002', 'AI 控制器', 'ai-controller', '元井 AI 控制器优化需求管理', '2026-06-22T00:00:00Z')
on conflict (slug) do nothing;

insert into iterations (id, project_id, name, sort_order, created_at) values
  ('a2000001-0001-4001-8001-000000000001', 'a1000001-0001-4001-8001-000000000001', '20260610 优化版本', 1, '2026-06-22T00:00:00Z'),
  ('a2000001-0001-4001-8001-000000000002', 'a1000001-0001-4001-8001-000000000002', '20260417 元井AI控制器', 1, '2026-06-22T00:00:00Z')
on conflict (id) do nothing;

insert into requirements (id, project_id, iteration_id, title, sub_function, detail_work, acceptance_criteria, priority, status, sort_order, created_at, updated_at) values
  ('b1000001-0001-4001-8001-000000000001', 'a1000001-0001-4001-8001-000000000001', 'a2000001-0001-4001-8001-000000000001', '主页页面整体结构优化', null, null, '主页结构符合设计稿，导航与模块分区清晰', null, 'in_progress', 1, '2026-06-22T00:00:00Z', '2026-06-22T00:00:00Z'),
  ('b1000001-0001-4001-8001-000000000002', 'a1000001-0001-4001-8001-000000000001', 'a2000001-0001-4001-8001-000000000001', '安静状态下的陪伴专注横幅', '安静状态下的陪伴专注横幅', null, '安静模式下正确展示专注横幅，交互符合 PRD', null, 'testing', 2, '2026-06-22T00:00:00Z', '2026-06-22T00:00:00Z'),
  ('b1000001-0001-4001-8001-000000000003', 'a1000001-0001-4001-8001-000000000001', 'a2000001-0001-4001-8001-000000000001', '推送模块（推送/勿扰/喝水）', null, '后端整体评估 40 小时，覆盖三个子模块', '推送、勿扰、喝水三条链路均可独立验收', 'P0', 'in_progress', 3, '2026-06-22T00:00:00Z', '2026-06-22T00:00:00Z'),
  ('b1000001-0001-4001-8001-000000000004', 'a1000001-0001-4001-8001-000000000002', 'a2000001-0001-4001-8001-000000000002', '下控遮罩等待界面', '下控遮罩等待界面', null, '下控流程中遮罩等待界面展示正确，超时处理符合规范', 'P0', 'acceptance', 1, '2026-06-22T00:00:00Z', '2026-06-22T00:00:00Z'),
  ('b1000001-0001-4001-8001-000000000005', 'a1000001-0001-4001-8001-000000000002', 'a2000001-0001-4001-8001-000000000002', '设备归属和批量迁移', '设备归属和批量迁移', null, '批量迁移后设备归属关系正确，日志可追溯', 'P0', 'testing', 2, '2026-06-22T00:00:00Z', '2026-06-22T00:00:00Z')
on conflict (id) do nothing;

insert into acceptance_items (id, requirement_id, description, passed, note, sort_order) values
  ('c1000001-0001-4001-8001-000000000001', 'b1000001-0001-4001-8001-000000000001', '主页页面整体结构优化 - 功能符合 PRD', null, null, 1),
  ('c1000001-0001-4001-8001-000000000002', 'b1000001-0001-4001-8001-000000000002', '安静状态下的陪伴专注横幅 - 功能符合 PRD', false, '横幅在横屏下位置偏移', 1),
  ('c1000001-0001-4001-8001-000000000003', 'b1000001-0001-4001-8001-000000000003', '推送模块（推送/勿扰/喝水） - 功能符合 PRD', null, null, 1),
  ('c1000001-0001-4001-8001-000000000004', 'b1000001-0001-4001-8001-000000000004', '下控遮罩等待界面 - 验收标准达成', null, null, 1),
  ('c1000001-0001-4001-8001-000000000005', 'b1000001-0001-4001-8001-000000000005', '设备归属和批量迁移 - 验收标准达成', null, null, 1)
on conflict (id) do nothing;

insert into role_tasks (id, requirement_id, role, assignee, estimate_hours, start_date, end_date, status, notes, progress_percent, updated_at) values
  ('d1000001-0001-4001-8001-000000000001', 'b1000001-0001-4001-8001-000000000001', 'ui', '游春梅', null, null, null, 'in_progress', null, 30, '2026-06-22T00:00:00Z'),
  ('d1000001-0001-4001-8001-000000000002', 'b1000001-0001-4001-8001-000000000001', 'frontend', '陈伟平', null, null, null, 'pending', null, 0, '2026-06-22T00:00:00Z'),
  ('d1000001-0001-4001-8001-000000000003', 'b1000001-0001-4001-8001-000000000002', 'backend', '李德堂', 16, '2026-06-01', '2026-06-05', 'testing', '已提测', 100, '2026-06-22T00:00:00Z'),
  ('d1000001-0001-4001-8001-000000000004', 'b1000001-0001-4001-8001-000000000002', 'frontend', '陈伟平', 24, '2026-06-03', '2026-06-08', 'testing', null, 100, '2026-06-22T00:00:00Z'),
  ('d1000001-0001-4001-8001-000000000005', 'b1000001-0001-4001-8001-000000000003', 'backend', '李德堂', 40, '2026-06-01', '2026-06-15', 'in_progress', '模块级工时，覆盖推送/勿扰/喝水', 21.32, '2026-06-22T00:00:00Z'),
  ('d1000001-0001-4001-8001-000000000006', 'b1000001-0001-4001-8001-000000000004', 'backend', '谢鑫', 12, '2026-04-24', '2026-05-06', 'acceptance', null, 100, '2026-06-22T00:00:00Z'),
  ('d1000001-0001-4001-8001-000000000007', 'b1000001-0001-4001-8001-000000000004', 'frontend', '陈伟平', 4, '2026-04-27', '2026-05-15', 'acceptance', null, 100, '2026-06-22T00:00:00Z'),
  ('d1000001-0001-4001-8001-000000000008', 'b1000001-0001-4001-8001-000000000005', 'backend', '谢鑫', 8, null, null, 'testing', null, 100, '2026-06-22T00:00:00Z')
on conflict (id) do nothing;

insert into notifications (id, project_id, recipient_name, type, title, body, link, is_read, created_at) values
  ('e1000001-0001-4001-8001-000000000001', 'a1000001-0001-4001-8001-000000000001', '产品', 'acceptance_pending', '2 条需求待产品验收', '安静状态下的陪伴专注横幅 等需求已进入待验收', '/projects/ai-pet/board', false, '2026-06-22T00:00:00Z')
on conflict (id) do nothing;
